{
	"system" : {
		"platform" : "windows64",
		"os_name" : "Windows 10",
		"os_version" : "10.0"
	},
	"error" : {
		"executable" : "quartus",
		"comment" : "none",
		"error_message" : "Access Violation at 0X0000000075F22492",
		"source_file" : "unknown",
		"line" : "0",
		"stack_trace" : "\t 0x75f22491: QtGui4 + 0x3a2491 (?currentSubWindow@QMdiArea@@QEBAPEAVQMdiSubWindow@@XZ + 0x81)\n\t 0x75f215bc: QtGui4 + 0x3a15bc (??_FQMdiArea@@QEAAXXZ + 0x62c)\n\t 0x75f23314: QtGui4 + 0x3a3314 (?eventFilter@QMdiArea@@MEAA_NPEAVQObject@@PEAVQEvent@@@Z + 0xb4)\n\t 0x76a7f742: QtCore4 + 0x10f742 (?sendThroughApplicationEventFilters@QCoreApplicationPrivate@@QEAA_NPEAVQObject@@PEAVQEvent@@@Z + 0x92)\n\t 0x75ba2dbd: QtGui4 + 0x22dbd (?notify_helper@QApplicationPrivate@@QEAA_NPEAVQObject@@PEAVQEvent@@@Z + 0x1d)\n\t 0x75ba2b2f: QtGui4 + 0x22b2f (?notify@QApplication@@UEAA_NPEAVQObject@@PEAVQEvent@@@Z + 0x17bf)\n\t 0x76a7d92b: QtCore4 + 0x10d92b (?notifyInternal@QCoreApplication@@AEAA_NPEAVQObject@@PEAVQEvent@@@Z + 0x7b)\n\t 0x75ba6398: QtGui4 + 0x26398 (?setActiveWindow@QApplication@@SAXPEAVQWidget@@@Z + 0x278)\n\t 0x75c06891: QtGui4 + 0x86891 (?winFocus@QApplication@@QEAAXPEAVQWidget@@_N@Z + 0x31)\n\t 0x75c0765f: QtGui4 + 0x8765f (?winMouseButtonUp@QApplication@@SAXXZ + 0xd0f)\n\t0x7ffcfc3d8240: USER32 + 0x18240 (DispatchMessageW + 0x740)\n\t0x7ffcfc3d7efb: USER32 + 0x17efb (DispatchMessageW + 0x3fb)\n\t0x7ffcfc3e302c: USER32 + 0x2302c (GetClassLongW + 0x58c)\n\t0x7ffcfe7133b3: ntdll + 0xa33b3 (KiUserCallbackDispatcher + 0x23)\n\t0x7ffcfbdd14d3: win32u + 0x14d3 (NtUserPeekMessage + 0x13)\n\t0x7ffcfc3e1b4e: USER32 + 0x21b4e (PeekMessageW + 0x1ce)\n\t0x7ffcfc3e1a1b: USER32 + 0x21a1b (PeekMessageW + 0x9b)\n\t 0x76aa2663: QtCore4 + 0x132663 (?processEvents@QEventDispatcherWin32@@UEAA_NV?$QFlags@W4ProcessEventsFlag@QEventLoop@@@@@Z + 0x243)\n\t 0x75c00eb4: QtGui4 + 0x80eb4 (?openPopup@QApplicationPrivate@@QEAAXPEAVQWidget@@@Z + 0x204)\n\t 0x76a7a88b: QtCore4 + 0x10a88b (?exec@QEventLoop@@QEAAHV?$QFlags@W4ProcessEventsFlag@QEventLoop@@@@@Z + 0x22b)\n\t 0x75fa3660: QtGui4 + 0x423660 (?exec@QDialog@@QEAAHXZ + 0xf0)\n\t0x7ffc5ff8b22a: GCL_AFCQ + 0xab22a (?internal_error_display@AFCQ_MSG_DISPLAY@@UEAAXV?$basic_string@DU?$char_traits@D@std@@V?$allocator@D@2@@std@@@Z + 0x27a)\n\t0x7ffcda48d963: CCL_MSG + 0x1d963 (?internal_error@MSG_REPORT@@UEAAXAEBV?$basic_string@DU?$char_traits@D@std@@V?$allocator@D@2@@std@@@Z + 0xe3)\n\t0x7ffcda4a7c87: CCL_MSG + 0x37c87 (?finalize@MSG_ERROR_INFO@@QEAAXXZ + 0x87)\n\t0x7ffcda4a87dd: CCL_MSG + 0x387dd (?report_fatal@MSG_INTERNAL_ERROR@@SAXPEBDPEAX@Z + 0x15d)\n\t0x7ffcd9d344f0: CCL_ERR + 0x44f0 (?err_report_fatal_exception@@YAXPEBDPEAX@Z + 0x70)\n\t0x7ffcd9d34379: CCL_ERR + 0x4379 (?err_handle_fatal_exception@@YAJPEAU_EXCEPTION_POINTERS@@@Z + 0xb9)\n\t0x7ffcfbb0c90b: KERNELBASE + 0x15c90b (UnhandledExceptionFilter + 0x1eb)\n\t0x7ffcfe74a351: ntdll + 0xda351 (LdrResolveDelayLoadsFromDll + 0x1471)\n\t0x7ffcfe71331f: ntdll + 0xa331f (KiUserApcDispatcher + 0xaf)\n\t0x7ffcfe71441e: ntdll + 0xa441e (__chkstk + 0x12e)\n\t0x7ffcfe68e465: ntdll + 0x1e465 (RtlFindCharInUnicodeString + 0xa95)\n\t0x7ffcfe71340d: ntdll + 0xa340d (KiUserExceptionDispatcher + 0x2d)\n\t 0x75f22491: QtGui4 + 0x3a2491 (?currentSubWindow@QMdiArea@@QEBAPEAVQMdiSubWindow@@XZ + 0x81)\n\t 0x75f215bc: QtGui4 + 0x3a15bc (??_FQMdiArea@@QEAAXXZ + 0x62c)\n\t 0x75f23314: QtGui4 + 0x3a3314 (?eventFilter@QMdiArea@@MEAA_NPEAVQObject@@PEAVQEvent@@@Z + 0xb4)\n\t 0x76a7f742: QtCore4 + 0x10f742 (?sendThroughApplicationEventFilters@QCoreApplicationPrivate@@QEAA_NPEAVQObject@@PEAVQEvent@@@Z + 0x92)\n\t 0x75ba2dbd: QtGui4 + 0x22dbd (?notify_helper@QApplicationPrivate@@QEAA_NPEAVQObject@@PEAVQEvent@@@Z + 0x1d)\n\t 0x75ba2b2f: QtGui4 + 0x22b2f (?notify@QApplication@@UEAA_NPEAVQObject@@PEAVQEvent@@@Z + 0x17bf)\n\t 0x76a7d92b: QtCore4 + 0x10d92b (?notifyInternal@QCoreApplication@@AEAA_NPEAVQObject@@PEAVQEvent@@@Z + 0x7b)\n\t 0x75ba6398: QtGui4 + 0x26398 (?setActiveWindow@QApplication@@SAXPEAVQWidget@@@Z + 0x278)\n\t 0x75c06891: QtGui4 + 0x86891 (?winFocus@QApplication@@QEAAXPEAVQWidget@@_N@Z + 0x31)\n\t 0x75c0765f: QtGui4 + 0x8765f (?winMouseButtonUp@QApplication@@SAXXZ + 0xd0f)\n\t0x7ffcfc3d8240: USER32 + 0x18240 (DispatchMessageW + 0x740)\n\t0x7ffcfc3d7efb: USER32 + 0x17efb (DispatchMessageW + 0x3fb)\n\t0x7ffcfc3e302c: USER32 + 0x2302c (GetClassLongW + 0x58c)\n\t0x7ffcfe7133b3: ntdll + 0xa33b3 (KiUserCallbackDispatcher + 0x23)\n\t0x7ffcfbdd1ef3: win32u + 0x1ef3 (NtUserShowWindow + 0x13)\n\t 0x75c1a0f6: QtGui4 + 0x9a0f6 (?show_sys@QWidgetPrivate@@QEAAXXZ + 0x186)\n\t 0x75bf08ce: QtGui4 + 0x708ce (?show_helper@QWidgetPrivate@@QEAAXXZ + 0x22e)\n\t 0x75bef478: QtGui4 + 0x6f478 (?setVisible@QWidget@@UEAAX_N@Z + 0x308)\n\t 0x75fa432d: QtGui4 + 0x42432d (?setVisible@QDialog@@UEAAX_N@Z + 0xcd)\n\t 0x75fa3611: QtGui4 + 0x423611 (?exec@QDialog@@QEAAHXZ + 0xa1)\n\t0x7ffc5ff8b22a: GCL_AFCQ + 0xab22a (?internal_error_display@AFCQ_MSG_DISPLAY@@UEAAXV?$basic_string@DU?$char_traits@D@std@@V?$allocator@D@2@@std@@@Z + 0x27a)\n\t0x7ffcda48d963: CCL_MSG + 0x1d963 (?internal_error@MSG_REPORT@@UEAAXAEBV?$basic_string@DU?$char_traits@D@std@@V?$allocator@D@2@@std@@@Z + 0xe3)\n\t0x7ffcda4a7c87: CCL_MSG + 0x37c87 (?finalize@MSG_ERROR_INFO@@QEAAXXZ + 0x87)\n\t0x7ffcda4a87dd: CCL_MSG + 0x387dd (?report_fatal@MSG_INTERNAL_ERROR@@SAXPEBDPEAX@Z + 0x15d)\n\t0x7ffcd9d344f0: CCL_ERR + 0x44f0 (?err_report_fatal_exception@@YAXPEBDPEAX@Z + 0x70)\n\t0x7ffcd9d34379: CCL_ERR + 0x4379 (?err_handle_fatal_exception@@YAJPEAU_EXCEPTION_POINTERS@@@Z + 0xb9)\n\t0x7ffcfbb0c90b: KERNELBASE + 0x15c90b (UnhandledExceptionFilter + 0x1eb)\n\t0x7ffcfe74a351: ntdll + 0xda351 (LdrResolveDelayLoadsFromDll + 0x1471)\n\t0x7ffcfe71331f: ntdll + 0xa331f (KiUserApcDispatcher + 0xaf)\n\t0x7ffcfe71441e: ntdll + 0xa441e (__chkstk + 0x12e)\n\t0x7ffcfe68e465: ntdll + 0x1e465 (RtlFindCharInUnicodeString + 0xa95)\n\t0x7ffcfe71340d: ntdll + 0xa340d (KiUserExceptionDispatcher + 0x2d)\n\t 0x75f28afc: QtGui4 + 0x3a8afc (?subWindowList@QMdiArea@@QEBA?AV?$QList@PEAVQMdiSubWindow@@@@W4WindowOrder@1@@Z + 0x2bc)\n\t 0x75f26085: QtGui4 + 0x3a6085 (?qt_metacast@QMdiArea@@UEAAPEAXPEBD@Z + 0x3e5)\n\t 0x75f27210: QtGui4 + 0x3a7210 (?resizeEvent@QMdiArea@@MEAAXPEAVQResizeEvent@@@Z + 0x240)\n\t 0x75be0bcd: QtGui4 + 0x60bcd (?event@QWidget@@MEAA_NPEAVQEvent@@@Z + 0x50d)\n\t 0x75f02676: QtGui4 + 0x382676 (?event@QFrame@@MEAA_NPEAVQEvent@@@Z + 0x36)\n\t 0x76a7f802: QtCore4 + 0x10f802 (?sendThroughObjectEventFilters@QCoreApplicationPrivate@@QEAA_NPEAVQObject@@PEAVQEvent@@@Z + 0x82)\n\t 0x75ba2e81: QtGui4 + 0x22e81 (?notify_helper@QApplicationPrivate@@QEAA_NPEAVQObject@@PEAVQEvent@@@Z + 0xe1)\n\t 0x75ba2b2f: QtGui4 + 0x22b2f (?notify@QApplication@@UEAA_NPEAVQObject@@PEAVQEvent@@@Z + 0x17bf)\n\t 0x76a7d92b: QtCore4 + 0x10d92b (?notifyInternal@QCoreApplication@@AEAA_NPEAVQObject@@PEAVQEvent@@@Z + 0x7b)\n\t 0x75c189b6: QtGui4 + 0x989b6 (?setGeometry_sys@QWidgetPrivate@@QEAAXHHHH_N@Z + 0xa76)\n\t 0x75bec270: QtGui4 + 0x6c270 (?setGeometry@QWidget@@QEAAXAEBVQRect@@@Z + 0xb0)\n\t 0x75f740f0: QtGui4 + 0x3f40f0 (?layoutChildren@QAbstractScrollAreaPrivate@@QEAAXXZ + 0x5e0)\n\t 0x75f298c7: QtGui4 + 0x3a98c7 (?currentPlatform@QApplicationPrivate@@SAIXZ + 0x917)\n\t 0x75f28fff: QtGui4 + 0x3a8fff (?currentPlatform@QApplicationPrivate@@SAIXZ + 0x4f)\n\t 0x75f29b0a: QtGui4 + 0x3a9b0a (?viewportEvent@QMdiArea@@MEAA_NPEAVQEvent@@@Z + 0x17a)\n\t 0x76a7f802: QtCore4 + 0x10f802 (?sendThroughObjectEventFilters@QCoreApplicationPrivate@@QEAA_NPEAVQObject@@PEAVQEvent@@@Z + 0x82)\n\t 0x75ba2e81: QtGui4 + 0x22e81 (?notify_helper@QApplicationPrivate@@QEAA_NPEAVQObject@@PEAVQEvent@@@Z + 0xe1)\n\t 0x75ba2b2f: QtGui4 + 0x22b2f (?notify@QApplication@@UEAA_NPEAVQObject@@PEAVQEvent@@@Z + 0x17bf)\n\t 0x76a7d92b: QtCore4 + 0x10d92b (?notifyInternal@QCoreApplication@@AEAA_NPEAVQObject@@PEAVQEvent@@@Z + 0x7b)\n\t 0x75f2b511: QtGui4 + 0x3ab511 (?closeEvent@QMdiSubWindow@@MEAAXPEAVQCloseEvent@@@Z + 0xa1)\n\t0x7ffc6096e5a2: SYS_QUI + 0x3e5a2 (?closeEvent@QUI_MDI_SUB_WND@@MEAAXPEAVQCloseEvent@@@Z + 0x182)\n\t 0x75be0be1: QtGui4 + 0x60be1 (?event@QWidget@@MEAA_NPEAVQEvent@@@Z + 0x521)\n\t 0x75ba2e95: QtGui4 + 0x22e95 (?notify_helper@QApplicationPrivate@@QEAA_NPEAVQObject@@PEAVQEvent@@@Z + 0xf5)\n\t 0x75ba2b2f: QtGui4 + 0x22b2f (?notify@QApplication@@UEAA_NPEAVQObject@@PEAVQEvent@@@Z + 0x17bf)\n\t 0x76a7d92b: QtCore4 + 0x10d92b (?notifyInternal@QCoreApplication@@AEAA_NPEAVQObject@@PEAVQEvent",
		"subsystem" : "unknown"
	},
	"quartus" : {
		"quartus_bits" : "64",
		"version" : "17.1.0",
		"build" : "590",
		"edition" : "Standard Edition"
	}
}